{"cameraMode":{"drawMode":0,"name":"Shaded","section":"Shading Mode"},"sceneLighting":false,"audioPlay":false,"sceneViewState":{"m_AlwaysRefresh":false,"showFog":true,"showSkybox":false,"showFlares":true,"showImageEffects":true,"showParticleSystems":true,"showVisualEffectGraphs":true,"m_FxEnabled":true},"in2DMode":false,"pivot":{"x":-11.314311981201172,"y":1.4901645183563233,"z":184.04254150390626},"rotation":{"x":-0.13786856830120088,"y":-0.003865723265334964,"z":0.0005383141688071191,"w":-0.9904456734657288},"size":17.994163513183595,"orthographic":false}